Workbook

Sheet Query Log
A1: Query ID | B1: Query Description | C1: Query Type (Text/Image/Frame-Seq) | D1: Expected Video ID | E1: Expected Frame ID | F1: Primary Retrieval Result (Pass/Fail) | G1: Cross-Modal Retry? (Yes/No) | H1: Cross-Modal Type Used | I1: Cross-Modal Result (Pass/Fail) | J1: Supporting Mechanism Used (Similarity/Filter-Timestamp/Filter-EventID/None) | K1: Supporting Mechanism Result (Pass/Fail) | L1: Final Status | M1: Notes
A2: Q01 | L2: =IF(F2="Pass","Primary Pass",IF(AND(G2="Yes",I2="Pass"),"Cross-Modal Pass",IF(K2="Pass","Recovered Pass",IF(OR(F2="",F2=0),"","Total Fail"))))
A3: Q02 | L3: =IF(F3="Pass","Primary Pass",IF(AND(G3="Yes",I3="Pass"),"Cross-Modal Pass",IF(K3="Pass","Recovered Pass",IF(OR(F3="",F3=0),"","Total Fail"))))
A4: Q03 | L4: =IF(F4="Pass","Primary Pass",IF(AND(G4="Yes",I4="Pass"),"Cross-Modal Pass",IF(K4="Pass","Recovered Pass",IF(OR(F4="",F4=0),"","Total Fail"))))
A5: Q04 | L5: =IF(F5="Pass","Primary Pass",IF(AND(G5="Yes",I5="Pass"),"Cross-Modal Pass",IF(K5="Pass","Recovered Pass",IF(OR(F5="",F5=0),"","Total Fail"))))
A6: Q05 | L6: =IF(F6="Pass","Primary Pass",IF(AND(G6="Yes",I6="Pass"),"Cross-Modal Pass",IF(K6="Pass","Recovered Pass",IF(OR(F6="",F6=0),"","Total Fail"))))
A7: Q06 | L7: =IF(F7="Pass","Primary Pass",IF(AND(G7="Yes",I7="Pass"),"Cross-Modal Pass",IF(K7="Pass","Recovered Pass",IF(OR(F7="",F7=0),"","Total Fail"))))
A8: Q07 | L8: =IF(F8="Pass","Primary Pass",IF(AND(G8="Yes",I8="Pass"),"Cross-Modal Pass",IF(K8="Pass","Recovered Pass",IF(OR(F8="",F8=0),"","Total Fail"))))
A9: Q08 | L9: =IF(F9="Pass","Primary Pass",IF(AND(G9="Yes",I9="Pass"),"Cross-Modal Pass",IF(K9="Pass","Recovered Pass",IF(OR(F9="",F9=0),"","Total Fail"))))
A10: Q09 | L10: =IF(F10="Pass","Primary Pass",IF(AND(G10="Yes",I10="Pass"),"Cross-Modal Pass",IF(K10="Pass","Recovered Pass",IF(OR(F10="",F10=0),"","Total Fail"))))
A11: Q10 | L11: =IF(F11="Pass","Primary Pass",IF(AND(G11="Yes",I11="Pass"),"Cross-Modal Pass",IF(K11="Pass","Recovered Pass",IF(OR(F11="",F11=0),"","Total Fail"))))
A12: Q11 | L12: =IF(F12="Pass","Primary Pass",IF(AND(G12="Yes",I12="Pass"),"Cross-Modal Pass",IF(K12="Pass","Recovered Pass",IF(OR(F12="",F12=0),"","Total Fail"))))
A13: Q12 | L13: =IF(F13="Pass","Primary Pass",IF(AND(G13="Yes",I13="Pass"),"Cross-Modal Pass",IF(K13="Pass","Recovered Pass",IF(OR(F13="",F13=0),"","Total Fail"))))
... A51: Q50 | L51: =IF(F51="Pass","Primary Pass",IF(AND(G51="Yes",I51="Pass"),"Cross-Modal Pass",IF(K51="Pass","Recovered Pass",IF(OR(F51="",F51=0),"","Total Fail"))))

Sheet Summary
A1: Retrieval Evaluation Summary
A3: Overall
A4: Total Queries | B4: =COUNTA('Query Log'!A2:A51) -> 50
A5: Primary Pass | B5: =COUNTIF('Query Log'!L2:L51,"Primary Pass") -> 0
A6: Cross-Modal Pass | B6: =COUNTIF('Query Log'!L2:L51,"Cross-Modal Pass") -> 0
A7: Recovered Pass (Similarity/Filter) | B7: =COUNTIF('Query Log'!L2:L51,"Recovered Pass") -> 0
A8: Total Fail | B8: =COUNTIF('Query Log'!L2:L51,"Total Fail") -> 0
A10: Key Rates (%)
A11: Primary Recall Rate | B11: =B5/B4 -> 0
A12: Cross-Modal Recovery Rate | B12: =B6/B4 -> 0
A13: Supporting-Mechanism Recovery Rate | B13: =B7/B4 -> 0
A14: System Recall Rate (Overall Pass) | B14: =(B5+B6+B7)/B4 -> 0
A15: Total Fail Rate | B15: =B8/B4 -> 0
A17: By Query Type (Primary Retrieval Only)
A18: Query Type | B18: Primary Pass Count | C18: Primary Recall Rate
A19: Text | B19: =COUNTIFS('Query Log'!C2:C51,"Text",'Query Log'!F2:F51,"Pass") -> 0 | C19: =IFERROR(B19/COUNTIF('Query Log'!C2:C51,"Text"),0) -> 0
A20: Image | B20: =COUNTIFS('Query Log'!C2:C51,"Image",'Query Log'!F2:F51,"Pass") -> 0 | C20: =IFERROR(B20/COUNTIF('Query Log'!C2:C51,"Image"),0) -> 0
A21: Frame-Sequence | B21: =COUNTIFS('Query Log'!C2:C51,"Frame-Sequence",'Query Log'!F2:F51,"Pass") -> 0 | C21: =IFERROR(B21/COUNTIF('Query Log'!C2:C51,"Frame-Sequence"),0) -> 0
A23: Notes
A24: - Primary Pass: found directly via the query type's own semantic retrieval.
A25: - Cross-Modal Pass: primary type failed, but trying a different query type (e.g. text -> image) found the frame.
A26: - Recovered Pass: found only via Similarity Search or manual Filter (video ID/timestamp/event ID).
A27: - Total Fail: no path (primary, cross-modal, or supporting mechanism) found the frame.
A28: - Fill yellow cells in 'Query Log'. All rates on this sheet recalc automatically.
